"Message",Low,"Starting .NET Native compilation"
"Message",Low,""
"Message",Low,""
"Message",Low,"Task ""Gatekeeper"""
"Message",Normal,"Launching 'C:\Users\markb\.nuget\packages\microsoft.net.native.compiler\1.7.0\tools\x86\ilc\Tools\Gatekeeper.exe @""D:\Mark\Documents\TIPPERKIT\Windows\TipperKit\TipperKit\obj\x86\Release\ilc\intermediate\gkargs.rsp""'"
"Message",Low,"Microsoft (R) .NET Native Gatekeeper Version 1.7.25531.01 "
"Message",Low,"Copyright (C) Microsoft Corporation.  All rights reserved. "
"Message",Low," "
"Message",Low,"Checking assembly 'D:\Mark\Documents\TIPPERKIT\Windows\TipperKit\TipperKit\obj\x86\Release\ilc\in\Newtonsoft.Json.dll'. "
"Message",Low,"Checking assembly 'D:\Mark\Documents\TIPPERKIT\Windows\TipperKit\TipperKit\obj\x86\Release\ilc\in\System.Net.Mail.dll'. "
"Message",Low,"Checking assembly 'D:\Mark\Documents\TIPPERKIT\Windows\TipperKit\TipperKit\obj\x86\Release\ilc\in\TipperKit.exe'. "
"Message",Normal,"'C:\Users\markb\.nuget\packages\microsoft.net.native.compiler\1.7.0\tools\x86\ilc\Tools\Gatekeeper.exe @""D:\Mark\Documents\TIPPERKIT\Windows\TipperKit\TipperKit\obj\x86\Release\ilc\intermediate\gkargs.rsp""' completed."
"Message",Normal,"Process execution statistics (all times in milliseconds)"
"Message",Normal,"-----------------------------------------------------------------------------"
"Message",Normal,"launch  |  start   |   stop   |   end    | duration | lifetime | [slot] name"
"Message",Normal,"-----------------------------------------------------------------------------"
"Message",Normal,"       0 |       16 |      516 |      516 |      500 |      516 | [0] Gatekeeper"
"Message",Normal,"Number of commands:      1"
"Message",Normal,"Total system time:       516 ms"
"Message",Normal,"System time per command: 516 ms"
"Message",Normal,"Total duration:          500 ms"
"Message",Normal,"Total lifetime:          516 ms"
"Message",Normal,"Requested DOP:           8"
"Message",Normal,"Duration DOP:            1.0"
"Message",Normal,"Lifetime DOP:            1.0"
"Message",Low,"Done executing task ""Gatekeeper""."
"Message",Low,"Done building target ""RunGatekeeper"" in file ""Preparation""."
"Message",Low,""
"Message",Low,"Task ""InjectWindowsRuntimeTypeForwards"""
"Message",Normal,"Running 'InjectWindowsRuntimeTypeForwards' transform, heap at 10 MB."
"Message",Normal,"Running 'WriteAssemblies' transform, heap at 14 MB."
"Message",Normal,""
"Message",Normal,"Transform summary"
"Message",Normal,"    ms | heap delta | name"
"Message",Normal,"   128 |          2 | WriteAssemblies"
"Message",Normal,"    85 |          4 | InjectWindowsRuntimeTypeForwards"
"Message",Low,"Done executing task ""InjectWindowsRuntimeTypeForwards""."
"Message",Low,"Done building target ""InjectWindowRuntimeTypeForwards"" in file ""Preparation""."
"Message",Low,""
"Message",Low,"Task ""PreResolveAssemblyClosure"""
"Message",Low,"Done executing task ""PreResolveAssemblyClosure""."
"Message",Low,"Task ""PreResolveTransforms"""
"Message",Normal,"Running 'ResolveSelfReferences' transform, heap at 24 MB."
"Message",Normal,"Running 'RemoveDuplicateMembers' transform, heap at 50 MB."
"Message",Normal,"Running 'PortableLib' transform, heap at 50 MB."
"Message",Normal,"Running 'WriteAssemblies' transform, heap at 79 MB."
"Message",Normal,""
"Message",Normal,"Transform summary"
"Message",Normal,"    ms | heap delta | name"
"Message",Normal,"   283 |         26 | ResolveSelfReferences"
"Message",Normal,"   250 |         29 | PortableLib"
"Message",Normal,"   206 |          6 | WriteAssemblies"
"Message",Normal,"     0 |          0 | RemoveDuplicateMembers"
"Message",Low,"Done executing task ""PreResolveTransforms""."
"Message",Low,"Done building target ""PreResolveTransforms"" in file ""Preparation""."
"Message",Low,""
"Message",Low,"Task ""InitialAssemblyClosure"""
"Message",Low,"Done executing task ""InitialAssemblyClosure""."
"Message",Low,"Task ""ResolveInitialReferencesAssemblyClosure1"""
"Message",Low,"Done executing task ""ResolveInitialReferencesAssemblyClosure1""."
"Message",Low,"Task ""ResolveInitialReferencesAssemblyClosure2"""
"Message",Low,"Done executing task ""ResolveInitialReferencesAssemblyClosure2""."
"Message",Low,"Done building target ""ResolveInitialReferences"" in file ""Preparation""."
"Message",Low,"Done building project ""Preparation""."
"Message",Low,""
"Message",Low,""
"Message",High,"Processing application code"
"Message",Low,"Task ""ValidateSimpleNames"""
"Message",Low,"Done executing task ""ValidateSimpleNames""."
"Message",Low,"Task ""McgContractsResolveFilePath"""
"Message",Low,"Done executing task ""McgContractsResolveFilePath""."
"Message",Low,"Task ""McgFacadeResolveFilePath"""
"Message",Low,"Done executing task ""McgFacadeResolveFilePath""."
"Message",Low,"Task ""FinalAssemblyClosureRootsResolveFilePaths"""
"Message",Low,"Done executing task ""FinalAssemblyClosureRootsResolveFilePaths""."
"Message",Low,"Task ""FinalAssemblyClosure"""
"Message",Low,"Done executing task ""FinalAssemblyClosure""."
"Message",Low,"Task ""RunILTransforms"""
"Message",Normal,"Running 'Analysis' transform, heap at 58 MB."
"Message",Low,"Loading 75 modules..."
"Message",Normal,"Imported reflection directives from 16 files:"
"Message",Normal,"D:\Mark\Documents\TIPPERKIT\Windows\TipperKit\TipperKit\obj\x86\Release\ilc\in\Properties\Default.rd.xml"
"Message",Normal,"Embedded manifest in System.Diagnostics.Tracing: Resources.System.Diagnostics.Tracing.rd.xml"
"Message",Normal,"Embedded manifest in System.Private.Reflection: System.Private.Reflection.rd.xml"
"Message",Normal,"Embedded manifest in System.Private.CoreLib: Resources.System.Private.CoreLib.rd.xml"
"Message",Normal,"Embedded manifest in System.Private.Uri: Resources.System.Private.Uri.rd.xml"
"Message",Normal,"Embedded manifest in System.Private.Reflection.Core: System.Private.Reflection.Core.rd.xml"
"Message",Normal,"Embedded manifest in System.Xml.XDocument: System.Xml.Resources.System.Xml.XDocument.rd.xml"
"Message",Normal,"Embedded manifest in System.Runtime.Serialization.Primitives: System.Runtime.Serialization.Primitives.Resources.System.Runtime.Serialization.Primitives.rd.xml"
"Message",Normal,"Embedded manifest in System.Linq.Expressions: Resources.System.Linq.Expressions.rd.xml"
"Message",Normal,"Embedded manifest in System.Private.PortableThunks: Resources.System.Private.PortableThunks.rd.xml"
"Message",Normal,"Embedded manifest in System.Dynamic.Runtime: Resources.System.Dynamic.Runtime.rd.xml"
"Message",Normal,"Embedded manifest in Microsoft.CSharp: Microsoft.CSharp.Resources.Microsoft.CSharp.rd.xml"
"Message",Normal,"Embedded manifest in System.Xml.ReaderWriter: System.Xml.Resources.System.Xml.ReaderWriter.rd.xml"
"Message",Normal,"Embedded manifest in System.Data.Common: Resources.System.Data.Common.rd.xml"
"Message",Normal,"Embedded manifest in System.Private.Interop: Resources.System.Private.Interop.rd.xml"
"Message",Normal,"Newtonsoft.Json"
"Message",Normal,"Imported XAML Roots from 1 files:"
"Message",Normal,"D:\Mark\Documents\TIPPERKIT\Windows\TipperKit\TipperKit\obj\x86\Release\ilc\in\TipperKit.xr.xml"
"Message",Normal,"Running 'Mcg' transform, heap at 230 MB."
"Message",High,"Computing application closure and generating interop code"
"Message",Normal,"  List of .lib files:"
"Message",Normal,"      WindowsApp.lib"
"Message",Normal,"  List of .lib search paths:"
"Message",Normal,"      C:\Program Files (x86)\Windows Kits\10\lib\10.0.15063.0\um\x86"
"Message",Normal,"  Loading exports from libs..."
"Message",Normal,"      2875 exports read from 'C:\Program Files (x86)\Windows Kits\10\lib\10.0.15063.0\um\x86\WindowsApp.lib'."
"Message",High,"  Loading 75 modules..."
"Message",Normal,"          P/Invoke 'RhWaitForPendingFinalizers' with [DllImport(ExactSpelling=true)] resolved to '[MRT]!RhWaitForPendingFinalizers'."
"Message",Normal,"          P/Invoke 'RhYield' with [DllImport(ExactSpelling=true)] resolved to '[MRT]!RhYield'."
"Message",Normal,"          P/Invoke 'RhCompatibleReentrantWaitAny' with [DllImport(ExactSpelling=true)] resolved to '[MRT]!RhCompatibleReentrantWaitAny'."
"Message",Normal,"          P/Invoke '_ecvt_s' with [DllImport(ExactSpelling=true)] resolved to '[MRT]!_ecvt_s'."
"Message",Normal,"          P/Invoke 'memmove' with [DllImport(ExactSpelling=true)] resolved to '[MRT]!memmove'."
"Message",Normal,"          P/Invoke 'CallingConventionConverter_GetStubs' with [DllImport(ExactSpelling=true)] resolved to '*!CallingConventionConverter_GetStubs'."
"Message",Normal,"          P/Invoke 'GetLastError' resolved to 'api-ms-win-core-errorhandling-l1-1-1.dll!GetLastError' from 'C:\Program Files (x86)\Windows Kits\10\lib\10.0.15063.0\um\x86\WindowsApp.lib'."
"Message",Normal,"          P/Invoke 'RoInitialize' resolved to 'api-ms-win-core-winrt-l1-1-0.dll!RoInitialize' from 'C:\Program Files (x86)\Windows Kits\10\lib\10.0.15063.0\um\x86\WindowsApp.lib'."
"Message",Normal,"          P/Invoke 'SetLastError' resolved to 'api-ms-win-core-errorhandling-l1-1-1.dll!SetLastError' from 'C:\Program Files (x86)\Windows Kits\10\lib\10.0.15063.0\um\x86\WindowsApp.lib'."
"Message",Normal,"          P/Invoke 'NormalizeString' resolved to 'api-ms-win-core-normalization-l1-1-0.dll!NormalizeString' from 'C:\Program Files (x86)\Windows Kits\10\lib\10.0.15063.0\um\x86\WindowsApp.lib'."
"Message",Normal,"          P/Invoke 'IsValidLocaleName' resolved to 'api-ms-win-core-localization-l1-2-1.dll!IsValidLocaleName' from 'C:\Program Files (x86)\Windows Kits\10\lib\10.0.15063.0\um\x86\WindowsApp.lib'."
"Message",Normal,"          P/Invoke 'ResolveLocaleName' resolved to 'api-ms-win-core-localization-l1-2-1.dll!ResolveLocaleName' from 'C:\Program Files (x86)\Windows Kits\10\lib\10.0.15063.0\um\x86\WindowsApp.lib'."
"Message",Normal,"          P/Invoke 'GetCPInfoExW' resolved to 'api-ms-win-core-localization-l1-2-1.dll!GetCPInfoExW' from 'C:\Program Files (x86)\Windows Kits\10\lib\10.0.15063.0\um\x86\WindowsApp.lib'."
"Message",Normal,"          P/Invoke 'IdnToAscii' resolved to 'api-ms-win-core-localization-l1-2-1.dll!IdnToAscii' from 'C:\Program Files (x86)\Windows Kits\10\lib\10.0.15063.0\um\x86\WindowsApp.lib'."
"Message",Normal,"          P/Invoke 'CoCreateInstance' with [DllImport(ExactSpelling=true)] resolved to 'api-ms-win-core-com-l1-1-0.dll!CoCreateInstance'."
"Message",Normal,"          P/Invoke '#6' resolved to 'oleaut32.dll!#6' from 'C:\Program Files (x86)\Windows Kits\10\lib\10.0.15063.0\um\x86\WindowsApp.lib'."
"Message",Normal,"          P/Invoke 'GetFileType' resolved to 'api-ms-win-core-file-l1-2-1.dll!GetFileType' from 'C:\Program Files (x86)\Windows Kits\10\lib\10.0.15063.0\um\x86\WindowsApp.lib'."
"Message",Normal,"          P/Invoke 'GetFileInformationByHandleEx' resolved to 'api-ms-win-core-file-l2-1-1.dll!GetFileInformationByHandleEx' from 'C:\Program Files (x86)\Windows Kits\10\lib\10.0.15063.0\um\x86\WindowsApp.lib'."
"Message",Normal,"          P/Invoke 'CreateThreadpoolIo' resolved to 'api-ms-win-core-threadpool-l1-2-0.dll!CreateThreadpoolIo' from 'C:\Program Files (x86)\Windows Kits\10\lib\10.0.15063.0\um\x86\WindowsApp.lib'."
"Message",Normal,"          P/Invoke 'SetFilePointerEx' resolved to 'api-ms-win-core-file-l1-2-1.dll!SetFilePointerEx' from 'C:\Program Files (x86)\Windows Kits\10\lib\10.0.15063.0\um\x86\WindowsApp.lib'."
"Message",Normal,"          P/Invoke 'GetFileAttributesExW' resolved to 'api-ms-win-core-file-l1-2-1.dll!GetFileAttributesExW' from 'C:\Program Files (x86)\Windows Kits\10\lib\10.0.15063.0\um\x86\WindowsApp.lib'."
"Message",Normal,"          P/Invoke 'FindFirstFileExW' resolved to 'api-ms-win-core-file-l1-2-1.dll!FindFirstFileExW' from 'C:\Program Files (x86)\Windows Kits\10\lib\10.0.15063.0\um\x86\WindowsApp.lib'."
"Message",Normal,"          P/Invoke 'SetEndOfFile' resolved to 'api-ms-win-core-file-l1-2-1.dll!SetEndOfFile' from 'C:\Program Files (x86)\Windows Kits\10\lib\10.0.15063.0\um\x86\WindowsApp.lib'."
"Message",Normal,"          P/Invoke 'CreateFile2' resolved to 'api-ms-win-core-file-l1-2-1.dll!CreateFile2' from 'C:\Program Files (x86)\Windows Kits\10\lib\10.0.15063.0\um\x86\WindowsApp.lib'."
"Message",Normal,"          P/Invoke 'CloseHandle' resolved to 'api-ms-win-core-handle-l1-1-0.dll!CloseHandle' from 'C:\Program Files (x86)\Windows Kits\10\lib\10.0.15063.0\um\x86\WindowsApp.lib'."
"Message",Normal,"          P/Invoke 'FindClose' resolved to 'api-ms-win-core-file-l1-2-1.dll!FindClose' from 'C:\Program Files (x86)\Windows Kits\10\lib\10.0.15063.0\um\x86\WindowsApp.lib'."
"Message",Normal,"          P/Invoke 'CloseThreadpoolIo' resolved to 'api-ms-win-core-threadpool-l1-2-0.dll!CloseThreadpoolIo' from 'C:\Program Files (x86)\Windows Kits\10\lib\10.0.15063.0\um\x86\WindowsApp.lib'."
"Message",Normal,"          P/Invoke 'ReadFile' resolved to 'api-ms-win-core-file-l1-2-1.dll!ReadFile' from 'C:\Program Files (x86)\Windows Kits\10\lib\10.0.15063.0\um\x86\WindowsApp.lib'."
"Message",Normal,"          P/Invoke 'ReadFile' resolved to 'api-ms-win-core-file-l1-2-1.dll!ReadFile' from 'C:\Program Files (x86)\Windows Kits\10\lib\10.0.15063.0\um\x86\WindowsApp.lib'."
"Message",Normal,"          P/Invoke 'WriteFile' resolved to 'api-ms-win-core-file-l1-2-1.dll!WriteFile' from 'C:\Program Files (x86)\Windows Kits\10\lib\10.0.15063.0\um\x86\WindowsApp.lib'."
"Message",Normal,"          P/Invoke 'WriteFile' resolved to 'api-ms-win-core-file-l1-2-1.dll!WriteFile' from 'C:\Program Files (x86)\Windows Kits\10\lib\10.0.15063.0\um\x86\WindowsApp.lib'."
"Message",Normal,"          P/Invoke 'StartThreadpoolIo' resolved to 'api-ms-win-core-threadpool-l1-2-0.dll!StartThreadpoolIo' from 'C:\Program Files (x86)\Windows Kits\10\lib\10.0.15063.0\um\x86\WindowsApp.lib'."
"Message",Normal,"          P/Invoke 'CancelThreadpoolIo' resolved to 'api-ms-win-core-threadpool-l1-2-0.dll!CancelThreadpoolIo' from 'C:\Program Files (x86)\Windows Kits\10\lib\10.0.15063.0\um\x86\WindowsApp.lib'."
"Message",Normal,"          P/Invoke 'CancelIoEx' resolved to 'api-ms-win-core-io-l1-1-1.dll!CancelIoEx' from 'C:\Program Files (x86)\Windows Kits\10\lib\10.0.15063.0\um\x86\WindowsApp.lib'."
"Message",Normal,"          P/Invoke 'FlushFileBuffers' resolved to 'api-ms-win-core-file-l1-2-1.dll!FlushFileBuffers' from 'C:\Program Files (x86)\Windows Kits\10\lib\10.0.15063.0\um\x86\WindowsApp.lib'."
"Message",Normal,"          P/Invoke 'FormatMessageW' resolved to 'api-ms-win-core-localization-l1-2-1.dll!FormatMessageW' from 'C:\Program Files (x86)\Windows Kits\10\lib\10.0.15063.0\um\x86\WindowsApp.lib'."
"Message",Normal,"          P/Invoke 'RoGetBufferMarshaler' resolved to 'api-ms-win-core-winrt-robuffer-l1-1-0.dll!RoGetBufferMarshaler' from 'C:\Program Files (x86)\Windows Kits\10\lib\10.0.15063.0\um\x86\WindowsApp.lib'."
"Message",High,"  Generating code..."
"Message",High,"  Interop code generated."
"Message",Normal,"  Written code to AssemblyInfo.g.cs"
"Message",Normal,"  Written code to Adapters.g.cs"
"Message",Normal,"  Written code to Data.g.cs"
"Message",Normal,"  Written code to Helpers.g.cs"
"Message",Normal,"  Written code to ImplTypes.g.cs"
"Message",Normal,"  Written code to PInvoke.g.cs"
"Message",Normal,"  Written code to SafeTypes.g.cs"
"Message",Normal,"  Written code to SharedStubs.g.cs"
"Message",Normal,"Running 'GenerateCodeAndCompile' transform, heap at 203 MB."
"Message",High,"Generating serialization code"
"Message",High,"Compiling interop code"
"Message",Normal,"Compiling generated source code: C:\Users\markb\.nuget\packages\microsoft.net.native.compiler\1.7.0\tools\x86\ilc\csc\csc.exe /noconfig @""D:\Mark\Documents\TIPPERKIT\Windows\TipperKit\TipperKit\obj\x86\Release\ilc\intermediate\TipperKit.McgInterop.rsp"""
"Message",High,"Generating System.Reflection.DispatchProxy proxy code."
"Message",Normal,"Running 'DumpNativeResources' transform, heap at 203 MB."
"Message",Normal,"Running 'ReducedCopyInitialize' transform, heap at 204 MB."
"Message",Normal,"Running 'ReducedCopyEmptyTypes' transform, heap at 226 MB."
"Message",Normal,"Running 'ReducedCopyPopulateTypes' transform, heap at 229 MB."
"Message",Normal,"Running 'ReducedCopyLateMetadata' transform, heap at 245 MB."
"Message",Normal,"Running 'ReducedCopyMethodBodies' transform, heap at 258 MB."
"Warning",,0,0,"ILTransform : warning ILT0005: Type 'System.Threading.WaitCallback' was not included in compilation, but was referenced in method 'LazyAsyncResult.Complete(IntPtr)'. There may have been a missing assembly."
"Warning",,0,0,"ILTransform : warning ILT0003: Method 'LazyAsyncResult.Complete(IntPtr)' will always throw an exception due to the missing method 'WaitCallback..ctor(object, IntPtr)'. There may have been a missing assembly."
"Warning",,0,0,"ILTransform : warning ILT0005: Type 'System.Threading.Thread' was not included in compilation, but was referenced in method 'LazyAsyncResult.WaitForCompletion(bool)'. There may have been a missing assembly."
"Warning",,0,0,"ILTransform : warning ILT0003: Method 'LazyAsyncResult.WaitForCompletion(bool)' will always throw an exception due to the missing method 'Thread.Sleep(int)'. There may have been a missing assembly."
"Message",Normal,"Running 'ReducedCopyComplete' transform, heap at 175 MB."
"Message",Normal,"Running 'ReducedCopyCleanup' transform, heap at 197 MB."
"Message",Normal,"Running 'DeveloperExperienceModeOnlyCodeRemover' transform, heap at 197 MB."
"Message",Normal,"Running 'ComImportDetector' transform, heap at 203 MB."
"Message",Normal,"Running 'McgAccessor' transform, heap at 203 MB."
"Message",Normal,"Running 'McgRedirect' transform, heap at 204 MB."
"Message",Normal,"Running 'McgRedirect' transform, heap at 207 MB."
"Message",Normal,"Running 'McgTypeOf' transform, heap at 207 MB."
"Message",Normal,"Running 'ExceptionMiniaturizer' transform, heap at 212 MB."
"Message",Normal,"Running 'EventSource' transform, heap at 220 MB."
"Message",Normal,"Running 'ValueType' transform, heap at 220 MB."
"Message",Normal,"Running 'Attribute' transform, heap at 220 MB."
"Message",Normal,"Running 'GetType' transform, heap at 221 MB."
"Message",Normal,"Running 'McgFixups' transform, heap at 221 MB."
"Message",Normal,"Running 'ResourceManagerCtor' transform, heap at 222 MB."
"Message",Normal,"Running 'TypeofTypeHandle' transform, heap at 222 MB."
"Message",Normal,"Running 'DispatchProxyIntrinsics' transform, heap at 224 MB."
"Message",Normal,"Running 'StaticInitData' transform, heap at 224 MB."
"Message",Normal,"Running 'StartupCodeInjector' transform, heap at 232 MB."
"Message",Normal,"Running 'InjectAppContextSwitches' transform, heap at 232 MB."
"Message",Normal,"Running 'ImplementLibraryDynamicInvokeHelpers' transform, heap at 232 MB."
"Message",Normal,"Running 'Delegate' transform, heap at 232 MB."
"Message",Normal,"Running 'DelegateCtorCall' transform, heap at 238 MB."
"Message",Normal,"Running 'LazyGenerics' transform, heap at 240 MB."
"Message",Normal,"Running 'AddReflectionBlockedAttributes' transform, heap at 195 MB."
"Message",Normal,"Running 'DisableOptimization' transform, heap at 195 MB."
"Message",Normal,"Running 'CreateMetadata' transform, heap at 195 MB."
"Message",Normal,"Running 'SaveRVAStatics' transform, heap at 225 MB."
"Message",Normal,"Running 'ReflectionInvoke' transform, heap at 226 MB."
"Message",Normal,"Running 'ScrubOpenCalls' transform, heap at 228 MB."
"Message",Normal,"Running 'ConvertCatchIntoFilter' transform, heap at 228 MB."
"Message",Normal,"Running 'ReflectionMappingInfoEmit' transform, heap at 228 MB."
"Message",Normal,"Running 'ConvertManagedWinMD' transform, heap at 231 MB."
"Message",Normal,"Running 'Reducer' transform, heap at 231 MB."
"Message",High,"Cleaning up unreferenced code"
"Message",Normal,"Running 'WriteAssemblies' transform, heap at 131 MB."
"Message",Normal,""
"Message",Normal,"Transform summary"
"Message",Normal,"    ms | heap delta | name"
"Message",Normal,"  9084 |        172 | Analysis"
"Message",Normal,"  4730 |          0 | GenerateCodeAndCompile"
"Message",Normal,"  2391 |       -100 | Reducer"
"Message",Normal,"  2257 |         51 | WriteAssemblies"
"Message",Normal,"  1132 |         22 | ReducedCopyInitialize"
"Message",Normal,"   729 |        -27 | Mcg"
"Message",Normal,"   498 |         30 | CreateMetadata"
"Message",Normal,"   456 |        -83 | ReducedCopyMethodBodies"
"Message",Normal,"   360 |         22 | ReducedCopyComplete"
"Message",Normal,"   319 |        -45 | LazyGenerics"
"Message",Normal,"   219 |         16 | ReducedCopyPopulateTypes"
"Message",Normal,"   122 |         13 | ReducedCopyLateMetadata"
"Message",Normal,"    96 |          5 | McgTypeOf"
"Message",Normal,"    93 |          3 | McgRedirect"
"Message",Normal,"    85 |          8 | StaticInitData"
"Message",Normal,"    49 |          0 | McgRedirect"
"Message",Normal,"    41 |          2 | TypeofTypeHandle"
"Message",Normal,"    36 |          8 | ExceptionMiniaturizer"
"Message",Normal,"    33 |          2 | DelegateCtorCall"
"Message",Normal,"    32 |          6 | Delegate"
"Message",Normal,"    24 |          3 | ReducedCopyEmptyTypes"
"Message",Normal,"    19 |          1 | SaveRVAStatics"
"Message",Normal,"    11 |          2 | ReflectionInvoke"
"Message",Normal,"    10 |          0 | DispatchProxyIntrinsics"
"Message",Normal,"    10 |          1 | DumpNativeResources"
"Message",Normal,"    10 |          1 | McgAccessor"
"Message",Normal,"    10 |          0 | GetType"
"Message",Normal,"     9 |          6 | DeveloperExperienceModeOnlyCodeRemover"
"Message",Normal,"     8 |          1 | McgFixups"
"Message",Normal,"     7 |          0 | ScrubOpenCalls"
"Message",Normal,"     7 |          0 | ReducedCopyCleanup"
"Message",Normal,"     6 |          3 | ReflectionMappingInfoEmit"
"Message",Normal,"     3 |          0 | ConvertCatchIntoFilter"
"Message",Normal,"     2 |          0 | StartupCodeInjector"
"Message",Normal,"     2 |          1 | Attribute"
"Message",Normal,"     2 |          0 | EventSource"
"Message",Normal,"     1 |          0 | ValueType"
"Message",Normal,"     0 |          0 | ResourceManagerCtor"
"Message",Normal,"     0 |          0 | ConvertManagedWinMD"
"Message",Normal,"     0 |          0 | ImplementLibraryDynamicInvokeHelpers"
"Message",Normal,"     0 |          0 | InjectAppContextSwitches"
"Message",Normal,"     0 |          0 | AddReflectionBlockedAttributes"
"Message",Normal,"     0 |          0 | ComImportDetector"
"Message",Normal,"     0 |          0 | DisableOptimization"
"Message",Low,"Done executing task ""RunILTransforms""."
"Message",Low,"Done building target ""RunILTransforms"" in file ""ILTransforms""."
"Message",Low,"Done building project ""ILTransforms""."
"Message",Low,""
"Message",Low,""
"Message",Low,"Done building target ""GenerateMDIL"" in file ""Nutc""."
"Message",Low,""
"Message",High,"Generating native code"
"Message",Low,"Done building target ""MDILPrepareMultiFile"" in file ""Nutc""."
"Message",Low,""
"Message",Low,"Done building target ""SetBinaryForReferences"" in file ""Nutc""."
"Message",Low,""
"Message",Low,"Task ""GenerateMDILGlobalAnalysis"""
"Message",Normal,"Launching 'C:\Users\markb\.nuget\packages\microsoft.net.native.compiler\1.7.0\tools\x86\ilc\Tools\nutc_driver.exe @""D:\Mark\Documents\TIPPERKIT\Windows\TipperKit\TipperKit\obj\x86\Release\ilc\intermediate\MDIL\TipperKit.rsp""'"
"Message",Low,"Microsoft (R) MDIL Compiler - Version 1.7.25531.01"
"Message",Low,"Copyright (c) Microsoft Corporation.  All rights reserved."
"Message",Low,"Scanning input types"
"Message",Low,"Scanning 8368 methods."
"Message",Low,"Scanning 2688 methods."
"Message",Low,"Scanning 1656 methods."
"Message",Low,"Scanning 985 methods."
"Message",Low,"Scanning 1788 methods."
"Message",Low,"Scanning 1141 methods."
"Message",Low,"Scanning 599 methods."
"Message",Low,"Scanning 560 methods."
"Message",Low,"Scanning 759 methods."
"Message",Low,"Scanning 746 methods."
"Message",Low,"Scanning 660 methods."
"Message",Low,"Scanning 428 methods."
"Message",Low,"Scanning 334 methods."
"Message",Low,"Scanning 123 methods."
"Message",Low,"Scanning 106 methods."
"Message",Low,"Scanning 71 methods."
"Message",Low,"Scanning 135 methods."
"Message",Low,"Scanning 91 methods."
"Message",Low,"Scanning 59 methods."
"Message",Low,"Scanning 10 methods."
"Message",Low,"Scanning 1 methods."
"Message",Low,"Scanning 1 methods."
"Message",Low,"Eager code generation"
"Message",Low,"Compiling 21309 methods."
"Message",Low,"Deferred code generation"
"Message",Low,"Compiling 4 methods."
"Message",Low,"Compiling 30 methods."
"Message",Low,"Successfully generated 'D:\Mark\Documents\TIPPERKIT\Windows\TipperKit\TipperKit\obj\x86\Release\ilc\intermediate\MDIL\TipperKit.mdilexe'"
"Message",Low,"Successfully generated 'D:\Mark\Documents\TIPPERKIT\Windows\TipperKit\TipperKit\obj\x86\Release\ilc\intermediate\MDIL\TipperKit.mdilpdb'"
"Message",Normal,"'C:\Users\markb\.nuget\packages\microsoft.net.native.compiler\1.7.0\tools\x86\ilc\Tools\nutc_driver.exe @""D:\Mark\Documents\TIPPERKIT\Windows\TipperKit\TipperKit\obj\x86\Release\ilc\intermediate\MDIL\TipperKit.rsp""' completed."
"Message",Normal,"Process execution statistics (all times in milliseconds)"
"Message",Normal,"-----------------------------------------------------------------------------"
"Message",Normal,"launch  |  start   |   stop   |   end    | duration | lifetime | [slot] name"
"Message",Normal,"-----------------------------------------------------------------------------"
"Message",Normal,"       0 |        0 |    15813 |    15813 |    15813 |    15813 | [0] Nutc GlobalAnalysis"
"Message",Normal,"Number of commands:      1"
"Message",Normal,"Total system time:       15813 ms"
"Message",Normal,"System time per command: 15813 ms"
"Message",Normal,"Total duration:          15813 ms"
"Message",Normal,"Total lifetime:          15813 ms"
"Message",Normal,"Requested DOP:           8"
"Message",Normal,"Duration DOP:            1.0"
"Message",Normal,"Lifetime DOP:            1.0"
"Message",Low,"Done executing task ""GenerateMDILGlobalAnalysis""."
"Message",Low,"Done building target ""GenerateMDILGlobalAnalysis"" in file ""Nutc""."
"Message",Low,""
"Message",Low,"Task ""rc"""
"Message",Normal,"Launching 'C:\Program Files (x86)\Windows Kits\10\bin\10.0.15063.0\x64\rc.exe /c ""65001"" /r /fo ""D:\Mark\Documents\TIPPERKIT\Windows\TipperKit\TipperKit\obj\x86\Release\ilc\intermediate\BuildInfo\BuildInfo.res"" ""D:\Mark\Documents\TIPPERKIT\Windows\TipperKit\TipperKit\obj\x86\Release\ilc\intermediate\BuildInfo\BuildInfo.rc""'"
"Message",Low,"Microsoft (R) Windows (R) Resource Compiler Version 10.0.10011.16384"
"Message",Low,"Copyright (C) Microsoft Corporation.  All rights reserved."
"Message",Normal,"'C:\Program Files (x86)\Windows Kits\10\bin\10.0.15063.0\x64\rc.exe /c ""65001"" /r /fo ""D:\Mark\Documents\TIPPERKIT\Windows\TipperKit\TipperKit\obj\x86\Release\ilc\intermediate\BuildInfo\BuildInfo.res"" ""D:\Mark\Documents\TIPPERKIT\Windows\TipperKit\TipperKit\obj\x86\Release\ilc\intermediate\BuildInfo\BuildInfo.rc""' completed."
"Message",Normal,"Process execution statistics (all times in milliseconds)"
"Message",Normal,"-----------------------------------------------------------------------------"
"Message",Normal,"launch  |  start   |   stop   |   end    | duration | lifetime | [slot] name"
"Message",Normal,"-----------------------------------------------------------------------------"
"Message",Normal,"       0 |       47 |      109 |      109 |       62 |      109 | [0] rc"
"Message",Normal,"Number of commands:      1"
"Message",Normal,"Total system time:       109 ms"
"Message",Normal,"System time per command: 109 ms"
"Message",Normal,"Total duration:          62 ms"
"Message",Normal,"Total lifetime:          109 ms"
"Message",Normal,"Requested DOP:           8"
"Message",Normal,"Duration DOP:            0.6"
"Message",Normal,"Lifetime DOP:            1.0"
"Message",Low,"Done executing task ""rc""."
"Message",Low,"Task ""ResourceBinaryConcatenate"""
"Message",Normal,"Concatenating into 'D:\Mark\Documents\TIPPERKIT\Windows\TipperKit\TipperKit\obj\x86\Release\ilc\intermediate\Native.res' with alignment '4'."
"Message",Normal," Added 'D:\Mark\Documents\TIPPERKIT\Windows\TipperKit\TipperKit\obj\x86\Release\ilc\intermediate\ILTransformed\TipperKit.res' at offset 0."
"Message",Normal," Added 'D:\Mark\Documents\TIPPERKIT\Windows\TipperKit\TipperKit\obj\x86\Release\ilc\intermediate\BuildInfo\BuildInfo.res' at offset 1384."
"Message",Low,"Done executing task ""ResourceBinaryConcatenate""."
"Message",Low,"Done building target ""GenerateBuildInfo"" in file ""Nutc""."
"Message",Low,"Done building project ""Nutc""."
"Message",Low,""
"Message",Low,""
"Message",Low,"Done building target ""MDILBindPrepare"" in file ""Binder""."
"Message",Low,""
"Message",High,"Generating fixups for native code"
"Message",Low,"Task ""MDILBind"""
"Message",Normal,"Launching 'C:\Users\markb\.nuget\packages\microsoft.net.native.compiler\1.7.0\tools\x86\ilc\Tools\rhbind.exe @""D:\Mark\Documents\TIPPERKIT\Windows\TipperKit\TipperKit\obj\x86\Release\ilc\intermediate\rhbindargs.TipperKit.rsp""'"
"Message",Low,"OS VERSION: major: 6  minor: 2"
"Message",Low,"MDIL: D:\Mark\Documents\TIPPERKIT\Windows\TipperKit\TipperKit\obj\x86\Release\ilc\intermediate\MDIL\TipperKit.mdilexe"
"Message",Low,"MDILPDB: D:\Mark\Documents\TIPPERKIT\Windows\TipperKit\TipperKit\obj\x86\Release\ilc\intermediate\MDIL\TipperKit.mdilpdb"
"Message",Low,"IL: D:\Mark\Documents\TIPPERKIT\Windows\TipperKit\TipperKit\obj\x86\Release\ilc\intermediate\MDIL\TipperKit.ilexe"
"Message",Low,"NI: D:\Mark\Documents\TIPPERKIT\Windows\TipperKit\TipperKit\obj\x86\Release\ilc\intermediate\Native\TipperKit.dll"
"Message",Low,"SHIM: D:\Mark\Documents\TIPPERKIT\Windows\TipperKit\TipperKit\obj\x86\Release\ilc\intermediate\Native\TipperKit.exe"
"Message",Low,"REDHAWK_RUNTIME_DLL_NAME_A=mrt100_app.dll"
"Message",Low,"pdb: D:\Mark\Documents\TIPPERKIT\Windows\TipperKit\TipperKit\obj\x86\Release\ilc\intermediate\Native\TipperKit.pdb"
"Message",Low,"Produced D:\Mark\Documents\TIPPERKIT\Windows\TipperKit\TipperKit\obj\x86\Release\ilc\intermediate\Native\TipperKit.dll in 1.588 seconds"
"Message",Normal,"'C:\Users\markb\.nuget\packages\microsoft.net.native.compiler\1.7.0\tools\x86\ilc\Tools\rhbind.exe @""D:\Mark\Documents\TIPPERKIT\Windows\TipperKit\TipperKit\obj\x86\Release\ilc\intermediate\rhbindargs.TipperKit.rsp""' completed."
"Message",Normal,"Process execution statistics (all times in milliseconds)"
"Message",Normal,"-----------------------------------------------------------------------------"
"Message",Normal,"launch  |  start   |   stop   |   end    | duration | lifetime | [slot] name"
"Message",Normal,"-----------------------------------------------------------------------------"
"Message",Normal,"       0 |        0 |     1625 |     1625 |     1625 |     1625 | [0] rhbind TipperKit"
"Message",Normal,"Number of commands:      1"
"Message",Normal,"Total system time:       1625 ms"
"Message",Normal,"System time per command: 1625 ms"
"Message",Normal,"Total duration:          1625 ms"
"Message",Normal,"Total lifetime:          1625 ms"
"Message",Normal,"Requested DOP:           8"
"Message",Normal,"Duration DOP:            1.0"
"Message",Normal,"Lifetime DOP:            1.0"
"Message",Low,"Done executing task ""MDILBind""."
"Message",Low,"Done building target ""MDILBind"" in file ""Binder""."
"Message",Low,"Done building project ""Binder""."
"Message",Low,""
"Message",Low,""
"Message",Low,"Done building target ""CopyNativeExecutablesToOutput"" in file ""Deployment""."
"Message",Low,""
"Message",Low,"Task ""TransformAppxManifest"""
"Message",Low,"Done executing task ""TransformAppxManifest""."
"Message",Low,"Done building target ""TransformAppxManifestAndAddCrt"" in file ""Deployment""."
"Message",Low,""
"Message",Low,"Done building target ""CopyPackageResourceFileInRetailBuild"" in file ""Deployment""."
"Message",Low,"Done building project ""Deployment""."
"Message",Low,"Compilation finished"
